,source,author,title,description,url,urlToImage,publishedAt,content,id,Polarity,Subjectivity,Score
1,"{'id': 'the-times-of-india', 'name': 'The Times of India'}",Reuters,Glittering gold gives markets some Christmas cheer,"MSCI's broadest index of Asia-Pacific shares outside Japan rose 0.6%. Japan's Nikkei was down 0.2%, paring earlier losses of around 1%. Gold miners in Australia led a 1.3% jump for the S&P/ASX 200.",https://economictimes.indiatimes.com/markets/stocks/news/glittering-gold-gives-markets-some-christmas-cheer/articleshow/96386683.cms,"https://img.etimg.com/thumb/msid-96386750,width-1070,height-580,imgsize-40130,overlay-etmarkets/photo.jpg",2022-12-21T03:19:42Z,"SINGAPORE: Asian stocks were trying get into a festive mood on Wednesday, and managed small gains with even Japan's Nikkei lifting off a two-month low it hit following the Bank of Japan's surprise de… [+1969 chars]",1,0.1111111111111111,0.44722222222222224,neutral
2,"{'id': 'the-times-of-india', 'name': 'The Times of India'}",PTI,UK PM Rishi Sunak uses troops to tackle Christmas strikes,"There is a wave of winter strikes planned over the course of the next few weeks, including railway workers, healthcare workers, and border security staff, who are all demanding better pay and working conditions. Writing in ""The Sun on Sunday"", Sunak said the …",https://economictimes.indiatimes.com/news/international/world-news/uk-pm-rishi-sunak-uses-troops-to-tackle-christmas-strikes/articleshow/96325914.cms,"https://img.etimg.com/thumb/msid-96325937,width-1070,height-580,imgsize-31376,overlay-economictimes/photo.jpg",2022-12-18T19:23:17Z,"British Prime Minister Rishi Sunak on Sunday hit out at trade unions for causing misery for millions with ""particularly cruelly timed"" strikes over the Christmas holiday period as the government anno… [+2606 chars]",2,0.09999999999999999,0.19999999999999998,neutral
3,"{'id': 'the-times-of-india', 'name': 'The Times of India'}",TNN,Slowing US inflation raises hopes for Santa Claus rally,"The rally in the global markets could spill over into India as mutual funds, flush with money from retail investors through the SIP route, remain net buyers.",https://economictimes.indiatimes.com/markets/stocks/news/slowing-us-inflation-raises-hopes-for-santa-claus-rally/articleshow/96212560.cms,"https://img.etimg.com/thumb/msid-96209413,width-1070,height-580,imgsize-86216,overlay-etmarkets/photo.jpg",2022-12-14T02:21:19Z,"MUMBAI: An inflation reading in the US that came in below analysts estimates, has now raised the hope of a Santa Claus rally around the globe, including in India.
On Tuesday evening, the US governme… [+2252 chars]",3,0.0,0.0,neutral
4,"{'id': 'the-times-of-india', 'name': 'The Times of India'}",ET CONTRIBUTORS,Rising Covid cases is polishing gold’s appeal as safe haven asset,"The economic data during the week from the US remained a mixed bag with the Conference Board’s one-year inflation expectation showing an ease down in inflation from 7.1% to 6.7%, and consumer confidence index spiked to eight months high of 108.3 in December f…",https://economictimes.indiatimes.com/markets/commodities/news/rising-covid-cases-is-polishing-golds-appeal-as-safe-haven-asset/articleshow/96477616.cms,"https://img.etimg.com/thumb/msid-96477641,width-1070,height-580,imgsize-67678,overlay-etmarkets/photo.jpg",2022-12-24T10:17:12Z,"Gold prices reached a six-month high of $1833 during the week as the number of Covid cases surged across countries, triggering a safe haven appeal for the metal. At the time of writing, gold prices h… [+1978 chars]",4,0.05111111111111111,0.31972222222222224,positive
5,"{'id': 'the-times-of-india', 'name': 'The Times of India'}",PTI,"FPIs invest Rs 10,555 cr in equities in Dec so far on moderating US inflation","Further, capital flows will be dictated by the global developments, particularly the trends in the dollar index and US bond yields. This, in turn, will be determined by the trajectory of US inflation, said V K Vijayakumar, Chief Investment Strategist at Geoji…",https://economictimes.indiatimes.com/markets/stocks/news/fpis-invest-rs-10555-cr-in-equities-in-dec-so-far-on-moderating-us-inflation/articleshow/96318125.cms,"https://img.etimg.com/thumb/msid-96318147,width-1070,height-580,imgsize-13508,overlay-etmarkets/photo.jpg",2022-12-18T08:38:50Z,"After investing over Rs 36,200 crore last month, foreign investors continued their positive momentum and have injected a net Rs 10,555 crore in Indian equities so far in December amid stabilisation i… [+2749 chars]",5,0.05555555555555555,0.27777777777777773,positive
6,"{'id': 'the-times-of-india', 'name': 'The Times of India'}",Kshitij Anand,ETMarkets Smart Talk: Govt may try to make new personal tax regime more lucrative vs older one in Budget 2023,"On the domestic front, government expenditure is likely to pick up in 2023 and the Nifty earnings are expected to grow at 15% which should keep the market resilience intact amid global macro headwinds.",https://economictimes.indiatimes.com/markets/expert-view/etmarkets-smart-talk-govt-may-try-to-make-new-personal-tax-regime-more-lucrative-vs-older-one-in-budget-2023/articleshow/96442234.cms,"https://img.etimg.com/thumb/msid-96442247,width-1070,height-580,imgsize-12634,overlay-etmarkets/photo.jpg",2022-12-23T03:39:35Z,"Though efforts will be there to propel the poor and farmers which are under stress of higher inflation. The government may try to make the new personal tax regime more lucrative vis a vis older one, … [+5586 chars]",6,-0.025,0.375,neutral
7,"{'id': 'the-times-of-india', 'name': 'The Times of India'}",ET Spotlight Special,Garena Free Fire MAX redeem codes December 23: Claim your rewards - Economic Times,"<ol><li>Garena Free Fire MAX redeem codes December 23: Claim your rewards  Economic Times
</li><li>Garena Free Fire MAX Redeem Codes for December 23: Win rewards - from gloo walls to special bundles  HT Tech
</li><li>Free Fire redeem codes today (23 Decembe…",https://economictimes.indiatimes.com/news/new-updates/garena-free-fire-max-redeem-codes-december-23-claim-your-rewards/articleshow/96451571.cms,"https://img.etimg.com/thumb/msid-96451633,width-1070,height-580,imgsize-80016,overlay-economictimes/photo.jpg",2022-12-23T09:34:00Z,"Garena Free Fire MAX has just released new redeem codes for 23 December, and gamers can get hold of them right away from here or directly from the Garena website created exclusively for codes. The co… [+1939 chars]",7,0.4261904761904762,0.5952380952380952,positive
8,"{'id': 'the-times-of-india', 'name': 'The Times of India'}",IANS,"Centre defends winter session dates, says not ignoring Christmas","India News: NEW DELHI: A controversy has erupted after the dates for the winter session of Parliament were announced by the Centre, with the Opposition charging t.",https://timesofindia.indiatimes.com/india/centre-defends-winter-session-dates-says-not-ignoring-christmas/articleshow/96029618.cms,"https://static.toiimg.com/thumb/msid-96029601,width-1070,height-580,imgsize-51390,resizemode-75,overlay-toi_sw,pt-32,y_pad-40/photo.jpg",2022-12-06T10:58:51Z,,8,0.13636363636363635,0.45454545454545453,neutral
9,"{'id': 'the-times-of-india', 'name': 'The Times of India'}",,Celebrating Christmas,"Christmas should be so used that it may materially, mentally and spiritually give us at least a new impetus to start in the Christ Path of Truth with the beginning of the new year.",https://economictimes.indiatimes.com/opinion/speaking-tree/celebrating-christmas/articleshow/96464023.cms,https://img.etimg.com/photo/msid-91660147/speaking-tree.jpg,2022-12-23T18:00:22Z,"Let us learn how to make our celebration of Christmas a real commemoration of the holy life of Christ, to make it a spiritual and uplifting experience. I saw a shotgun adorning a Christmas tree, and … [+1555 chars]",9,-0.025454545454545462,0.3284848484848485,neutral
10,"{'id': 'the-times-of-india', 'name': 'The Times of India'}",,"Ho-ho-horror, lovely chill that Christmas brings","Instead of joining the joyous mob and making a BFF out of BF.7, there is the December joy of scaring oneself safely at home",https://economictimes.indiatimes.com/opinion/et-commentary/ho-ho-horror-lovely-chill-that-christmas-brings/articleshow/96482390.cms,"https://img.etimg.com/thumb/msid-96482577,width-1070,height-580,imgsize-1825666,overlay-economictimes/photo.jpg",2022-12-24T14:47:43Z,"Christmas reminds me of three things: ghost stories, horror movies, and Markandey Katju. The former Supreme Court judge and our very own Ebenezer Scrooge tweeted last week how he had stepped out of h… [+4029 chars]",10,0.65,0.35,positive
11,"{'id': 'the-times-of-india', 'name': 'The Times of India'}",NYT News Service,Why Christmas trees could cost 10% more this holiday season,Nearly three-quarters of tree growers said their wholesale prices would probably be 5% to 15% higher than last year,https://economictimes.indiatimes.com/markets/stocks/news/why-christmas-trees-could-cost-10-more-this-holiday-season/articleshow/95954667.cms,"https://img.etimg.com/thumb/msid-95954737,width-1070,height-580,imgsize-117902,overlay-etmarkets/photo.jpg",2022-12-03T04:54:15Z,"Natural Christmas trees are likely to cost about 10% more this holiday season because of rising production costs and tight supplies of farm-grown trees, according to industry estimates.
""This year, … [+4870 chars]",11,0.11666666666666665,0.32222222222222224,positive
12,"{'id': 'the-times-of-india', 'name': 'The Times of India'}",ET CONTRIBUTORS,Gold traders wind down their activities ahead of Christmas and New Year,A similar scenario may unfold in the UK and euro-zone as their respective central banks ratchet up interest rates despite increasing risks to fragile growth.,https://economictimes.indiatimes.com/markets/commodities/views/gold-traders-wind-down-their-activities-ahead-of-christmas-and-new-year/articleshow/96315658.cms,"https://img.etimg.com/thumb/msid-96315754,width-1070,height-580,imgsize-70398,overlay-etmarkets/photo.jpg",2022-12-18T06:00:49Z,One of the key themes that seem to be supporting gold presently is the increased possibility of a recession in the US next year. The Federal Reserve sees the economy barely growing amid elevated infl… [+2489 chars],12,0.0,0.3125,neutral
13,"{'id': 'the-times-of-india', 'name': 'The Times of India'}",Nikhil Agarwal,"Jolly Christmas! 85% chance of Santa rally in Nifty, shows 2-decade history","While Nifty has plunged around 3% so far in December, historical trend indicates that the festive spirit may soon overpower bears. In the last 20 years, Nifty has ended on a positive note in December for 80% of the time. December has the highest average month…",https://economictimes.indiatimes.com/markets/stocks/news/jolly-christmas-85-chance-of-santa-rally-in-nifty-shows-2-decade-history/articleshow/96414797.cms,"https://img.etimg.com/thumb/msid-96414819,width-1070,height-580,imgsize-111668,overlay-etmarkets/photo.jpg",2022-12-22T04:03:01Z,"NEW DELHI: Notwithstanding the recent stress in equity markets over fears related to recession and rising Covid cases, Santy Rally may make investors richer towards the end of December if history is … [+2823 chars]",13,0.035454545454545454,0.40242424242424246,neutral
14,"{'id': 'the-times-of-india', 'name': 'The Times of India'}",Agencies,UCO Bank among 7 bank stocks that doubled investors' wealth in 2022,"Stocks in the banking pack are certainly having a Christmas bash as 2022 has turned out as the best year in five for the sector. Banking stocks such as UCO Bank, Punjab & Sind Bank and Karnataka Bank have doubled investors' wealth in the calendar year 2022 so…",https://economictimes.indiatimes.com/markets/stocks/news/uco-bank-among-7-bank-stocks-that-doubled-investors-wealth-in-2022/wealth-creator/slideshow/96333636.cms,"https://img.etimg.com/thumb/msid-96333636,width-1070,height-580,overlay-etmarkets/photo.jpg",2022-12-19T04:43:29Z,"Indian Bank advanced 111% year-to-date. The stock has also surged 135% from its 52-week low. Indian Bank has a market capitalization of Rs 36,634 crore.(With data inputs from Ritesh Presswala)",14,0.4047619047619047,0.45714285714285713,neutral
15,"{'id': 'the-times-of-india', 'name': 'The Times of India'}",Navdeep Singh,4-day selloff on Dalal Street leaves investors poorer by Rs 15 lakh crore,"Sensex ended 981 points lower at 59,845.29, while Nifty50 ended at 17,806.80 on Friday",https://economictimes.indiatimes.com/markets/stocks/news/4-day-selloff-on-dalal-street-leaves-investors-poorer-by-rs-15-lakh-crore/articleshow/96453693.cms,"https://img.etimg.com/thumb/msid-96453699,width-1070,height-580,imgsize-98376,overlay-etmarkets/photo.jpg",2022-12-23T10:37:09Z,"Twin fears of rising Covid cases and Fed rate hikes rippled through the indices acting like a Christmas party pooper for investors. Sensex lost nearly 1,000 points taking cumulative losses in the las… [+1602 chars]",15,0.0,0.0,neutral
16,"{'id': 'the-times-of-india', 'name': 'The Times of India'}",Pawan Nahar,"Selfie.Live connects music star Lee Brice, to launch his tour NFTs",Users simply take a photo at a live event or encounter with their favorite celebrity via the fan app. The celebrity then receives the photo through the celebrity app while the fan receives an autographed NFT directly to their NFT wallet.,https://economictimes.indiatimes.com/markets/cryptocurrency/selfie-live-connects-music-star-lee-brice-to-launch-his-tour-nfts/articleshow/96368648.cms,"https://img.etimg.com/thumb/msid-96368904,width-1070,height-580,imgsize-46096,overlay-etmarkets/photo.jpg",2022-12-20T09:50:58Z,"New Delhi: Selfie.Live, a mobile app that allows fans to upload selfies with celebrities and receive a digitally signed photo as an NFT, has partnered with music star Lee Brice to create special fan … [+1729 chars]",16,0.18409090909090908,0.5642857142857143,neutral
17,"{'id': 'the-times-of-india', 'name': 'The Times of India'}",Pawan Nahar,What's behind Sensex's 700-point crash? Here are 4 factors,"Erasing opening gains, BSE Sensex dropped more than 1,00 points from day's high to slip below the 61,000 mark, whereas NSE's barometer Nifty50 plunged about 225 points, slipping to 18,162.",https://economictimes.indiatimes.com/markets/stocks/news/whats-behind-sensexs-700-point-crash-here-are-4-factors/articleshow/96395337.cms,"https://img.etimg.com/thumb/msid-96395315,width-1070,height-580,imgsize-65768,overlay-etmarkets/photo.jpg",2022-12-21T09:12:36Z,"New Delhi: Domestic equity markets dropped sharply during the second half of the trading session on Wednesday as Covid fears rekindled in the light of a spurt in cases in China, the US and a few othe… [+1546 chars]",17,0.18666666666666668,0.38000000000000006,negative
18,"{'id': 'the-times-of-india', 'name': 'The Times of India'}",Reuters,"Oil climbs on expected drop in Russian exports, offsets U.S. storm impact","Russia's Baltic oil exports could fall by 20% in December from the previous month after the European Union and G7 nations imposed sanctions and a price cap on Russian crude from Dec. 5, according to traders and Reuters calculations.",https://economictimes.indiatimes.com/markets/commodities/news/oil-climbs-on-expected-drop-in-russian-exports-offsets-u-s-storm-impact/articleshow/96440361.cms,"https://img.etimg.com/thumb/msid-96440462,width-1070,height-580,imgsize-68772,overlay-etmarkets/photo.jpg",2022-12-23T02:16:22Z,"Oil prices rose on Friday on expectations of lower Russian crude exports from the Baltic region in December, offsetting worries that a looming Arctic storm across the United States could snuff out tr… [+1887 chars]",18,-0.21666666666666665,0.2916666666666667,negative
19,"{'id': 'the-times-of-india', 'name': 'The Times of India'}",Reuters,Oil rises 2% on Russian supply worries; U.S. storm impact in focus,"""Crude prices are higher as energy traders focus on Moscow's response to the price cap put on Russian oil and not so much the thousands of flight cancellations that will disrupt holiday travel,"" OANDA analyst Edward Moya said.",https://economictimes.indiatimes.com/markets/commodities/news/oil-rises-2-on-russian-supply-worries-u-s-storm-impact-in-focus/articleshow/96458254.cms,"https://img.etimg.com/thumb/msid-96458307,width-1070,height-580,imgsize-68772,overlay-etmarkets/photo.jpg",2022-12-23T12:29:21Z,"Oil prices rose 2% on Friday on expectations of a drop in Russian crude supply, which helped offset worries of a hit to U.S. transport fuel demand growth as a looming Arctic storm threatens travel du… [+2179 chars]",19,-0.062499999999999986,0.425,negative
20,"{'id': 'the-times-of-india', 'name': 'The Times of India'}",Vidya Sreedhar,Blockbuster 2022! Bank stocks clock most gains in 5 years; PSBs see best times in a decade,"The year 2017 was the best year for domestic equities after 2009, as India was among the three emerging markets which gained more than 35% in dollar terms. This sharp rally was on the back of a flood of money poured in by domestic investors that outstripped f…",https://economictimes.indiatimes.com/markets/stocks/news/blockbuster-2022-bank-stocks-clock-most-gains-in-5-years-psbs-see-best-times-in-a-decade/articleshow/96271886.cms,"https://img.etimg.com/thumb/msid-96272051,width-1070,height-580,imgsize-774215,overlay-etmarkets/photo.jpg",2022-12-16T06:34:11Z,"Stocks in the banking pack are certainly having a Christmas bash as 2022 has turned out as the best year in five for the sector.
Bank stocks gave the highest returns in five years as the Nifty Bank … [+2907 chars]",20,0.22916666666666666,0.2916666666666667,positive
21,"{'id': 'the-times-of-india', 'name': 'The Times of India'}",Kshitij Anand,"ETMarkets Smart Talk: Santa rally possible in banks, sugar & OMC stocks in coming week, says Vaishali Parekh","In light of the fact that the market seems to be showing strong support near 18000 until this level is breached, we are able to conclude that this is should be a normal profit booking process.",https://economictimes.indiatimes.com/markets/expert-view/etmarkets-smart-talk-santa-rally-possible-in-banks-sugar-omc-stocks-in-coming-week-says-vaishali-parekh/articleshow/96315955.cms,"https://img.etimg.com/thumb/msid-96315978,width-1070,height-580,imgsize-111868,overlay-etmarkets/photo.jpg",2022-12-18T06:14:26Z,"""There is a possibility that we are most likely to see a Santa rally in the Nifty Banking and Financial indices, sugar stocks along with OMC (Oil marketing company) over the coming weeks,"" says Vaish… [+4144 chars]",21,0.3166666666666666,0.6216666666666666,positive
22,"{'id': 'the-times-of-india', 'name': 'The Times of India'}",Vidya Sreedhar,"Inflation data, Fed meet, FII flows among 7 key factors that may guide markets this week","On Friday, the Nifty50 ended below the crucial support level of 18500 points at 18497 points with 0.6% losses. Even though BSE Sensex managed to close above the 62000 mark, the index shed 0.6% and settled at 62182.",https://economictimes.indiatimes.com/markets/stocks/news/inflation-data-fed-meet-fii-flows-among-key-factors-that-may-guide-markets-this-week/articleshow/96144881.cms,"https://img.etimg.com/thumb/msid-96144888,width-1070,height-580,imgsize-84144,overlay-etmarkets/photo.jpg",2022-12-11T04:32:50Z,"Domestic equities succumbed to selling pressure in the week gone by as investors booked partial profits from the recent gains and awaited fresh cues from the event-heavy week ahead.
On Friday, the N… [+5455 chars]",22,0.0,0.55,neutral
23,"{'id': 'the-times-of-india', 'name': 'The Times of India'}",Tamanna Inamdar,Next Budget needs to prioritise capex and target sectors where spending can be quick: Aditi Nayar,"“I suspect it is the margin pressure that is really dampening down on the manufacturing performance in Q2 and at least in terms of the outlook for Q3, there are positives and negatives. Q3 clearly kicked off with the good festive season. Some of the heavy num…",https://economictimes.indiatimes.com/markets/expert-view/next-budget-needs-to-prioritise-capex-and-target-sectors-where-spending-can-be-quick-aditi-nayar/articleshow/95904042.cms,"https://img.etimg.com/thumb/msid-95904025,width-1070,height-580,imgsize-37716,overlay-etmarkets/photo.jpg",2022-12-01T05:38:41Z,"It is much better to interpret the Q2 GDP numbers by comparing them to the pre-Covid quarters which are Q1 and Q2 of FY20. When we do that, we see that growth momentum has actually doubled. We have g… [+5934 chars]",23,0.057407407407407414,0.39537037037037037,positive
24,"{'id': 'the-times-of-india', 'name': 'The Times of India'}",ET Now,Optimistic about market turning from Tuesday; 3 must-haves in portfolio now: Sanjiv Bhasin,"“Stick with SBI, BoB and CanBank among the largecaps in financials. As a disclosure, we were very bullish on PNB and Union Bank. That has more than doubled. We have taken some chips off the table but we still think there is room and one can continue to grow i…",https://economictimes.indiatimes.com/markets/expert-view/optimistic-about-market-turning-from-tuesday-3-must-haves-in-portfolio-now-sanjiv-bhasin/articleshow/96314289.cms,"https://img.etimg.com/thumb/msid-96314309,width-1070,height-580,imgsize-23656,overlay-etmarkets/photo.jpg",2022-12-18T04:15:20Z,"Tech Mahindra, SRF and are the three must-haves in a portfolio now. could be giving the opportunity maybe this year and next year. They have guided on the upside. It would be my top pick. Second woul… [+6052 chars]",24,0.35,0.4,neutral
25,"{'id': 'the-times-of-india', 'name': 'The Times of India'}",Sneha Kulkarni,Is it a bank holiday in Gujarat today?,"According to the Reserve Bank of India holiday list 2022, banks in Gujarat will be closed on Monday, December 5, 2022, due to Gujarat Legislative Assembly Elections.",https://economictimes.indiatimes.com/wealth/save/is-it-a-bank-holiday-in-gujarat-today/articleshow/95993124.cms,"https://img.etimg.com/thumb/msid-95993331,width-1070,height-580,imgsize-442881,overlay-etwealth/photo.jpg",2022-12-05T05:31:45Z,"Banks in Gujarat are closed on Monday (December 5, 2022) due to Gujarat Legislative Assembly Elections 2022, according to the Reserve Bank of India holiday list 2022.Also, the Maharashtra government … [+2001 chars]",25,-0.1125,0.2375,negative
26,"{'id': 'the-times-of-india', 'name': 'The Times of India'}",AP,"Bethlehem rebounds from pandemic, lifting Christmas spirits","Middle East News: BETHLEHEM: The biblical town of Bethlehem marked what was shaping up to be a merry Christmas on Saturday, with thousands of visitors expected to desce.",https://timesofindia.indiatimes.com/world/middle-east/bethlehem-rebounds-from-pandemic-lifting-christmas-spirits/articleshow/96479782.cms,"https://static.toiimg.com/thumb/msid-96481973,width-1070,height-580,imgsize-180036,resizemode-75,overlay-toi_sw,pt-32,y_pad-40/photo.jpg",2022-12-24T15:06:50Z,,26,0.0,0.3333333333333333,neutral
27,"{'id': 'the-times-of-india', 'name': 'The Times of India'}",Reuters,No Christmas ceasefire in Ukraine: Russia,"Russia and Ukraine are not currently engaged in talks to end the fighting, which is raging in the east and south and reached Kyiv again on Wednesday. Tens of thousands of people have been killed, millions more displaced and cities reduced to rubble since Russ…",https://timesofindia.indiatimes.com/world/europe/no-christmas-ceasefire-in-ukraine-russia/articleshow/96239408.cms,"https://static.toiimg.com/thumb/msid-96239518,width-1070,height-580,imgsize-70544,resizemode-75,overlay-toi_sw,pt-32,y_pad-40/photo.jpg",2022-12-15T02:37:58Z,,27,0.09999999999999999,0.3,neutral
28,"{'id': 'the-times-of-india', 'name': 'The Times of India'}",Reuters,Russia says no Christmas ceasefire in Ukraine,"Violence returned to Kyiv on Wednesday, with the first major drone attack on Ukraine's capital in weeks. Two administrative buildings were hit, but air defences largely repelled the attack. Ukrainian President Volodymyr Zelenskiy said 13 drones had been shot …",https://timesofindia.indiatimes.com/world/europe/russia-says-no-christmas-ceasefire-in-ukraine/articleshow/96244966.cms,"https://static.toiimg.com/thumb/msid-96244951,width-1070,height-580,imgsize-70544,resizemode-75,overlay-toi_sw,pt-32,y_pad-40/photo.jpg",2022-12-15T06:27:47Z,,28,0.1755952380952381,0.42063492063492064,neutral
29,"{'id': 'the-times-of-india', 'name': 'The Times of India'}",AP,Bethlehem welcomes Christmas tourists after pandemic lull,"Elias Arja, head of the Bethlehem hotel association, said that tourists are hungry to visit the Holy Land's religious sites after suffering through lockdowns and travel restrictions in recent years. He expects the rebound to continue into next year.",https://timesofindia.indiatimes.com/world/middle-east/bethlehem-welcomes-christmas-tourists-after-pandemic-lull/articleshow/96246718.cms,"https://static.toiimg.com/thumb/msid-96246694,width-1070,height-580,imgsize-253092,resizemode-75,overlay-toi_sw,pt-32,y_pad-40/photo.jpg",2022-12-15T07:32:13Z,,29,0.0,0.16666666666666666,neutral
30,"{'id': 'the-times-of-india', 'name': 'The Times of India'}",AFP,Ukraine flags vie with Christmas decor as Zelenskyy visits Washington,"Days before the year-end holiday, downtown Washington's streets were dominated Wednesday not just by Christmas decor but by the flag of Ukraine, marking the surprise visit to the US capital by Volodymyr Zelenskyy.",https://timesofindia.indiatimes.com/world/europe/ukraine-flags-vie-with-christmas-decor-as-zelenskyy-visits-washington/articleshow/96414077.cms,"https://static.toiimg.com/thumb/msid-96414067,width-1070,height-580,imgsize-28104,resizemode-75,overlay-toi_sw,pt-32,y_pad-40/photo.jpg",2022-12-22T03:20:08Z,,30,0.0,0.0,neutral
31,"{'id': 'the-times-of-india', 'name': 'The Times of India'}",AFP,"Pope says spend less on Christmas, give to Ukraine","Europe News: VATICAN CITY: Pope Francis on Wednesday called on people to spend less on Christmas presents and celebrations, and donate the money saved to those in .",https://timesofindia.indiatimes.com/world/europe/pope-says-spend-less-on-christmas-give-to-ukraine/articleshow/96223344.cms,"https://static.toiimg.com/thumb/msid-96223477,width-1070,height-580,imgsize-1286356,resizemode-75,overlay-toi_sw,pt-32,y_pad-40/photo.jpg",2022-12-14T09:48:03Z,,31,-0.16666666666666666,0.06666666666666667,negative
32,"{'id': 'the-times-of-india', 'name': 'The Times of India'}",ANI,"Dressed as SpiderMan, Prince Harry shares touching Christmas message for children's charity","According to a report by US-based entertainment outlet, People, the 38-year-old British Royal donned the costume of Spider-Man to deliver a video message to the 'Scotty's Little Soldiers', a charity organisation, at their annual Christmas party.",https://timesofindia.indiatimes.com/world/uk/dressed-as-spiderman-prince-harry-shares-touching-christmas-message-for-childrens-charity/articleshow/95980333.cms,"https://static.toiimg.com/thumb/msid-95980510,width-1070,height-580,imgsize-33562,resizemode-75,overlay-toi_sw,pt-32,y_pad-40/photo.jpg",2022-12-04T11:15:29Z,"Prince Harry, the Duke of Sussex, shares this Christmas message for Scotty's Little Soldiers",32,-0.09375,0.25,negative
33,"{'id': 'the-times-of-india', 'name': 'The Times of India'}",Reuters,Joe Biden warns of 'dangerous' storms ahead of US Christmas travel rush,"The United States faces ""dangerous and threatening"" storms in the days before Christmas, President Joe Biden warned Thursday from the White House, and Americans who plan to travel to visit family or friends should leave right away.",https://timesofindia.indiatimes.com/world/us/joe-biden-warns-of-dangerous-storms-ahead-of-us-christmas-travel-rush/articleshow/96433078.cms,"https://static.toiimg.com/thumb/msid-96433130,width-1070,height-580,imgsize-60448,resizemode-75,overlay-toi_sw,pt-32,y_pad-40/photo.jpg",2022-12-22T16:18:24Z,,33,-0.10476190476190476,0.4785714285714286,negative
34,"{'id': 'the-times-of-india', 'name': 'The Times of India'}",TIMESOFINDIA.COM,'Bomb cyclone': 'Once-in-a-generation' winter storm upends US holiday travel,"A dangerously frigid arctic air mass gripped a vast expanse of the United States on Thursday ahead of what could be one of the coldest Christmas Days on record, as a looming winter storm threatened to upend travel plans for millions of Americans. Leading into…",https://timesofindia.indiatimes.com/world/us/what-is-a-bomb-cyclone-us-winter-storm-holiday-travel-chaos/articleshow/96442179.cms,"https://static.toiimg.com/thumb/msid-96442506,width-1070,height-580,imgsize-1518954,resizemode-75,overlay-toi_sw,pt-32,y_pad-40/photo.jpg",2022-12-23T03:50:40Z,,34,-0.45,1.0,negative
35,"{'id': 'the-times-of-india', 'name': 'The Times of India'}",iStock,"Roller Skating, Giant Lanterns & X’mas Spiders: Unique Christmas Celebrations Around The World","Christmas is just around the corner. Also, celebrated as ‘The Feast Day Of Christ’, the occasion is not only a religious holiday but is also seen as a cultural phenomenon worldwide. The significance and traditions associated with Christmas is wide-ranging, wi…",https://economictimes.indiatimes.com/magazines/panache/roller-skating-giant-lanterns-xmas-spiders-unique-christmas-celebrations-around-the-world/christmas-celebrations-around-the-world/slideshow/96108309.cms,"https://img.etimg.com/thumb/msid-96108309,width-1070,height-580,overlay-etpanache/photo.jpg",2022-12-09T09:42:48Z,"09 Dec 2022, 03:05 PM IST
Christmas is just around the corner. Also, celebrated as The Feast Day Of Christ, the occasion is not only a religious holiday but is also seen as a cultural phenomenon wor… [+5215 chars]",35,0.11249999999999999,0.525,positive
36,"{'id': 'the-times-of-india', 'name': 'The Times of India'}",Nimisha Tiwari,Shopping delights at global Christmas markets,"Across the world, Christmas markets are bedecked with goodies and glittering lights. Check out happy snapshots.",https://economictimes.indiatimes.com/magazines/travel/shopping-delights-at-global-christmas-markets/articleshow/96398338.cms,"https://img.etimg.com/thumb/msid-96399741,width-1070,height-580,imgsize-90952,overlay-etpanache/photo.jpg",2022-12-22T02:36:00Z,"Offer Exclusively For You
Get Flat 30% Off
ON ET PRIME MEMBERSHIP
Avail Offer
Offer Exclusively For You
Get 1 Year Free
With 1 and 2-Year ET prime membership
Avail Offer
Offer Exclusively For… [+319 chars]",36,0.8,1.0,neutral
37,"{'id': 'the-times-of-india', 'name': 'The Times of India'}",New York Times,"Cheers no more! Cut down on booze this holiday season, it may hurt your heart",More people die from heart attacks between Christmas and New Year's Day.,https://economictimes.indiatimes.com/magazines/panache/cheers-no-more-cut-down-on-booze-this-holiday-season-it-may-hurt-your-heart/articleshow/96033380.cms,"https://img.etimg.com/thumb/msid-96033470,width-1070,height-580,imgsize-65834,overlay-etpanache/photo.jpg",2022-12-06T13:15:45Z,"I've learned to love the chaotic haze that is December: my frantic attempts at wrapping presents and ticking off items on my to-do lists, squeezed between company parties and catch-up drinks before e… [+5331 chars]",37,0.3181818181818182,0.4772727272727273,negative
38,"{'id': 'the-times-of-india', 'name': 'The Times of India'}",ET Online,From cheesy quinoa nachos to chicken galantine: Light up your Christmas dinner with these yummy recipes,ET Panache brings you a list of yummy chicken recipes for a fulfilling Christmas bash.,https://economictimes.indiatimes.com/magazines/panache/from-cheesy-quinoa-nachos-to-chicken-galantine-light-up-your-christmas-dinner-with-these-yummy-recipes/articleshow/96372426.cms,"https://img.etimg.com/thumb/msid-96372675,width-1070,height-580,imgsize-145830,overlay-etpanache/photo.jpg",2022-12-20T11:48:29Z,"As we inch closer to saying goodbye to 2022, the festival season is upon us. It's that time of the year when we get together with our loved ones, be it family, friends or romantic relationships, Dece… [+11496 chars]",38,-0.6,0.95,negative
39,"{'id': 'the-times-of-india', 'name': 'The Times of India'}",PTI,Covid or the common cold? How to recognise symptoms & keep yourself save this Christmas,"Christmas dos, nativity plays and New Years Eve parties are all back on the festive calendar.",https://economictimes.indiatimes.com/magazines/panache/covid-or-the-common-cold-how-to-recognise-symptoms-keep-yourself-safe-this-christmas/articleshow/96451533.cms,"https://img.etimg.com/thumb/msid-96451712,width-1070,height-580,imgsize-52416,overlay-etpanache/photo.jpg",2022-12-23T11:48:17Z,"There's a lot to be jolly about this Christmas. Covid has been significantly, although not completely, ""defanged"", thanks to vaccines and treatments. 
Christmas dos, nativity plays and New Years Eve… [+5294 chars]",39,0.06818181818181818,0.22727272727272727,negative
40,"{'id': 'the-times-of-india', 'name': 'The Times of India'}",AP,"Despite complaints of inflation and price hike, the Christmas tree remain highly coveted by most",85% of people feel Christmas trees are worth it despite price increases.,https://economictimes.indiatimes.com/magazines/panache/despite-complaints-of-inflation-and-price-hike-the-christmas-tree-remain-highly-coveted-by-most/articleshow/96358352.cms,"https://img.etimg.com/thumb/msid-96358609,width-1070,height-580,imgsize-88086,overlay-etpanache/photo.jpg",2022-12-20T02:56:55Z,"For all the worries about inflation and the economy, Americans aren't scrimping on a centerpiece of many celebrations this holiday season: the Christmas tree.
Retailers from Home Depot and Lowes to … [+1643 chars]",40,0.3,0.1,positive
41,"{'id': 'the-times-of-india', 'name': 'The Times of India'}",PTI,How to live up to the true spirit of Christmas? Understand the seven primary activities & experiences linked to holiday,"Christmas, as the name suggests, is linked to the birth of Jesus the Christ.",https://economictimes.indiatimes.com/magazines/panache/how-to-live-up-to-the-true-spirit-of-christmas-understand-the-seven-primary-activities-experiences-linked-to-holiday/articleshow/96340126.cms,"https://img.etimg.com/thumb/msid-96340332,width-1070,height-580,imgsize-94984,overlay-etpanache/photo.jpg",2022-12-19T12:13:27Z,"If the media, popular entertainment, and retail habits are taken as indicators then the celebration of Christmas is no longer just the reserve of Christians. This has some consequences for the religi… [+5662 chars]",41,0.0,0.0,neutral
42,"{'id': 'the-times-of-india', 'name': 'The Times of India'}",Reuters,"Kate Middleton mourns Queen Elizabeth II at carol service, says it's a 'different' Christmas this year",This will be the royal family's first Christmas without the queen.,https://economictimes.indiatimes.com/magazines/panache/kate-middleton-mourns-queen-elizabeth-ii-at-caron-service-says-its-a-different-christmas-this-year/articleshow/96452668.cms,"https://img.etimg.com/thumb/msid-96453113,width-1070,height-580,imgsize-64070,overlay-etpanache/photo.jpg",2022-12-23T10:08:11Z,"Britain's Princess of Wales paid tribute to Queen Elizabeth at a carol service in Westminster Abbey, saying the royal family's first Christmas without the late monarch would ""feel very different"".
K… [+1386 chars]",42,0.25,0.3333333333333333,neutral
43,"{'id': 'the-times-of-india', 'name': 'The Times of India'}",ET Online,"Meet the UK's Spider-Man! Prince Harry casts web of surprises in new Christmas video, delivers emotional message to kids","In the video, Harry says ""Christmas is a time when we miss our loved ones really, really badly.""",https://economictimes.indiatimes.com/magazines/panache/meet-the-uks-spider-man-prince-harry-casts-web-of-surprises-in-new-christmas-video-delivers-emotional-message-to-kids/articleshow/95991637.cms,"https://img.etimg.com/thumb/msid-95991636,width-1070,height-580,imgsize-26532,overlay-etpanache/photo.jpg",2022-12-05T04:17:37Z,"Prince Harry, the Duke of Sussex, dressed up as everyone's favourite Marvel superhero to share a heartfelt and special video message with children to comfort them. 
The 38-year-old donned the Spider… [+1652 chars]",43,5.551115123125783e-17,0.7333333333333334,neutral
44,"{'id': 'the-times-of-india', 'name': 'The Times of India'}",,From chicken dishes to plum cakes: How to host the perfect Christmas dinner party,Are you thinking of hosting a Christmas dinner but don't know where to start? Check out these recipes.,https://economictimes.indiatimes.com/magazines/panache/from-chicken-dishes-to-plum-cakes-how-to-host-the-perfect-christmas-dinner-party/articleshow/96426491.cms,"https://img.etimg.com/thumb/msid-96428127,width-1070,height-580,imgsize-111740,overlay-etpanache/photo.jpg",2022-12-22T11:57:15Z,"In Britain, Christmas is marked by elaborate meals enjoyed with friends and family. Christmas pudding or plum pudding is an important aspect of the traditional Christmas dinner. The pudding is made o… [+248 chars]",44,0.0,0.0,neutral
45,"{'id': 'the-times-of-india', 'name': 'The Times of India'}",New York Times,List of films to watch this holiday season for a very streaming Christmas,Put on your warm clothes and gather around your TV screen with friends or family for a cheerful Christmas.,https://economictimes.indiatimes.com/magazines/panache/list-of-films-to-watch-this-holiday-season-for-a-very-streaming-christmas/articleshow/96396999.cms,"https://img.etimg.com/thumb/msid-96397302,width-1070,height-580,imgsize-87326,overlay-etpanache/photo.jpg",2022-12-21T12:18:02Z,"Welcome back to the wonderful, self-contained world of holiday movies, where we do not smirk at the improbably high number of handsome widowed fathers; we accept the fact that every other person is a… [+7740 chars]",45,0.5,0.8,positive
46,"{'id': 'the-times-of-india', 'name': 'The Times of India'}",New York Times,12 Christmas songs to get you in the festive mood,Whether you are cheery or nostalgic there's a song for each emotion!,https://economictimes.indiatimes.com/magazines/panache/12-christmas-songs-to-get-you-in-the-festive-mood/articleshow/96478920.cms,"https://img.etimg.com/thumb/msid-96483737,width-1070,height-580,imgsize-147450,overlay-etpanache/photo.jpg",2022-12-24T11:19:34Z,"Every Friday, pop critics for The New York Times weigh in on the week's most notable new songs and videos. Silversun Pickups, 'Just Like Christmas'
The grungy Los Angeles band Silversun Pickups hear… [+5826 chars]",46,0.03749999999999998,1.0,neutral
47,"{'id': 'the-times-of-india', 'name': 'The Times of India'}",PTI,"178-year old church in Mirzapur, UP gets decked up for Christmas celebrations",For two years festivities were muted due to the pandemic.,https://economictimes.indiatimes.com/magazines/panache/178-year-old-church-in-mirzapur-up-gets-decked-up-for-christmas-celebrations/articleshow/96471928.cms,"https://img.etimg.com/thumb/msid-96472144,width-1070,height-580,imgsize-75204,overlay-etpanache/photo.jpg",2022-12-24T05:00:14Z,"The furniture and walls are being given a fresh coat of paint. A Christmas tree decorated with balloons, stars, bells and cutouts of Santa has been put in the main hall, and the approach path decorat… [+3026 chars]",47,-0.125,0.375,negative
48,"{'id': 'the-times-of-india', 'name': 'The Times of India'}",Reuters,World Cup winner Messi to celebrate Christmas with family and BFF Uruguay striker Luis Suarez,Suarez reportedly flew to Rosario along with his family.,https://economictimes.indiatimes.com/magazines/panache/world-cup-winner-messi-to-celebrate-christmas-with-family-and-bff-uruguay-striker-luis-suarez/articleshow/96441697.cms,"https://img.etimg.com/thumb/msid-96442035,width-1070,height-580,imgsize-66798,overlay-etpanache/photo.jpg",2022-12-23T03:05:59Z,"After winning the World Cup and enjoying the celebrations back home in Argentina, Lionel Messi headed to his native Rosario to spend the Christmas holidays with his family and friends, including Urug… [+1170 chars]",48,0.0,0.0,neutral
49,"{'id': 'the-times-of-india', 'name': 'The Times of India'}",AP,Hollywood veteran Robert De Niro becomes victim of a 'Christmas' heist,A burglar was caught infiltrating his home to poach presents!,https://economictimes.indiatimes.com/magazines/panache/hollywood-veteran-robert-de-niro-becomes-victim-of-a-christmas-heist/articleshow/96357937.cms,"https://img.etimg.com/thumb/msid-96358230,width-1070,height-580,imgsize-188872,overlay-etpanache/photo.jpg",2022-12-20T02:42:55Z,"A suspected serial burglar was caught Monday while attempting to poach Christmas presents from actor Robert De Niro's Manhattan home, police said.
Officers had been tracking the real-life Grinch ami… [+1361 chars]",49,0.0,0.0,neutral
50,"{'id': 'the-times-of-india', 'name': 'The Times of India'}",ET Online,"Christmas cheer! From smartphone to headphones, tech gifts to consider this festive season",Here’s a list of some interesting tech gifts to surprise your loved ones.,https://economictimes.indiatimes.com/magazines/panache/christmas-cheer-from-smartphone-to-headphones-tech-gifts-to-consider-this-festive-season/articleshow/96089545.cms,"https://img.etimg.com/thumb/msid-96089498,width-1070,height-580,imgsize-93224,overlay-etpanache/photo.jpg",2022-12-08T13:33:20Z,"Christmas is just around the corner! And, the best part of holidays is the spirit of presenting and accepting gifts. Exchanging gifts is not merely a tradition, over the years it has become one of th… [+3458 chars]",50,0.6,0.65,neutral
51,"{'id': 'the-times-of-india', 'name': 'The Times of India'}",PTI,"Overeating during Christmas and New Year holidays leads to 'festive bulge', here's how to beat it",There's a lot of focus on what we eat and how much we eat - but what about when we eat?,https://economictimes.indiatimes.com/magazines/panache/overeating-during-christmas-and-new-year-holidays-leads-to-festive-bulge-heres-how-to-beat-it/articleshow/96340348.cms,"https://img.etimg.com/thumb/msid-96340469,width-1070,height-580,imgsize-58764,overlay-etpanache/photo.jpg",2022-12-19T12:12:18Z,"Christmas and New Year are holidays with dietary excesses that many of us cannot control. This often leads to the ""festive bulge"". As the holidays approach, could there be a recipe to contain this we… [+4462 chars]",51,0.2,0.2,positive
52,"{'id': 'the-times-of-india', 'name': 'The Times of India'}",ET Online,"Holiday gifting done right! Diamonds, luxe hair dryer & delicious coffee hampers to the rescue",Here’s a list of some great gift ideas to pick from this festive season.,https://economictimes.indiatimes.com/magazines/panache/holiday-gifting-done-right-diamonds-luxe-hair-dryer-delicious-coffee-hampers-to-the-rescue/articleshow/96271492.cms,"https://img.etimg.com/thumb/msid-96271494,width-1070,height-580,imgsize-80126,overlay-etpanache/photo.jpg",2022-12-16T06:25:15Z,"Exchanging gifts during Christmas is an ancient tradition. Beyond tradition, it is also one of the joys of the festive times ahead. Each year there is excitement and anticipation ahead of the Christm… [+3186 chars]",52,0.8,0.75,positive
53,"{'id': 'the-times-of-india', 'name': 'The Times of India'}",ET Online,"‘Super Anna!’ Vijay Sethupathi shares his weight loss journey, fans call it inspirational",The 'Vikram' actor has been a victim of body shaming before.,https://economictimes.indiatimes.com/magazines/panache/super-anna-vijay-sethupathi-shares-his-weight-loss-journey-fans-call-it-inspirational/articleshow/96224756.cms,"https://img.etimg.com/thumb/msid-96224711,width-1070,height-580,imgsize-54252,overlay-etpanache/photo.jpg",2022-12-14T10:32:47Z,"When your name is Vijay (meaning victory), then defeating weight problems is a piece of cake. 
Vijay Sethupathi recently shocked his fans with what appears to be a drastic weight loss. The Master ac… [+1750 chars]",53,-0.07500000000000001,0.05,negative
54,"{'id': 'the-times-of-india', 'name': 'The Times of India'}",PTI,Michelle Yeoh to play Madame Morrible in Jon M. Chu's 'Wicked' movies,"Chu's last directorial venture was the 2021 American musical drama film, 'In the Heights'.",https://economictimes.indiatimes.com/magazines/panache/michelle-yeoh-to-play-madame-morrible-in-jon-m-chus-wicked-movies/articleshow/96108119.cms,"https://img.etimg.com/thumb/msid-96108230,width-1070,height-580,imgsize-39708,overlay-etpanache/photo.jpg",2022-12-09T09:32:13Z,"'Everything Everywhere All At Once' star Michelle Yeoh has joined the ensemble cast of film-maker Jon M. Chu's 'Wicked' movies. According to entertainment website Variety, Yeoh will essay the role of… [+720 chars]",54,0.0,0.022222222222222223,neutral
55,"{'id': 'the-times-of-india', 'name': 'The Times of India'}",ET Online,"Musk hit with lawsuits for laying off women 'disproportionately', former Twitter cleaning staff allege they were treated like garbage",Nearly 57 per cent of female employees were laid off according to lawsuit.,https://economictimes.indiatimes.com/magazines/panache/musk-hit-with-lawsuits-for-laying-off-women-disproportionately-former-twitter-cleaning-staff-allege-they-were-treated-like-garbage/articleshow/96102361.cms,"https://img.etimg.com/thumb/msid-96102327,width-1070,height-580,imgsize-14444,overlay-etpanache/photo.jpg",2022-12-09T05:41:10Z,"Chief Twit Elon Musk has faced another round of lawsuits from former employees, this time for allegedly targeting female employees for layoffs. 
Two women Carolina Bernal Strifling and Willow Wren T… [+2656 chars]",55,0.05,0.2833333333333333,negative
56,"{'id': 'the-times-of-india', 'name': 'The Times of India'}",ET Online,Sundar Pichai comes calling! Mamaearth founder's shout-out for keeping Indian flag high; Twinkle Khanna says she picked up 3 tips from Google boss,The Google top boss had a packed itinerary.,https://economictimes.indiatimes.com/magazines/panache/sundar-pichai-comes-calling-mamaearth-founders-shout-out-for-keeping-indian-flag-high-twinkle-khanna-says-she-picked-up-3-tips-from-google-boss/articleshow/96361724.cms,"https://img.etimg.com/thumb/msid-96362960,width-1070,height-580,imgsize-76746,overlay-etpanache/photo.jpg",2022-12-20T06:21:15Z,"Tech titan Sundar Pichai was in town recently for a 'Google For India' event, and his optimistic outlook on most things India has created quite a stir. The Google top boss, who caught up with Prime M… [+2140 chars]",56,0.5,0.5,positive
57,"{'id': 'the-times-of-india', 'name': 'The Times of India'}",AP,Bringing along a four-legged friend at a holiday homestay? Here's what you should keep in mind,"Holidaying with dogs can be stressful, so proper planning is needed.",https://economictimes.indiatimes.com/magazines/panache/bringing-along-a-four-legged-friend-at-a-holiday-homestay-heres-what-you-should-keep-in-mind/articleshow/96484683.cms,"https://img.etimg.com/thumb/msid-96484723,width-1070,height-580,imgsize-171508,overlay-etpanache/photo.jpg",2022-12-24T18:19:38Z,Traveling with dogs can be stressful. Throw in holiday home stays at one of the most chaotic times of the year and double that stress for humans and animals alike - especially when hosts have pets of… [+5855 chars],57,0.0,0.1,neutral
58,"{'id': 'the-times-of-india', 'name': 'The Times of India'}",Nimisha Tiwari,Plan your holiday now! Best travel destinations around the world in pictures,Catch up on touristy pictures from across the globe. Follow apt handy suggestions for Indian travellers to follow this season.,https://economictimes.indiatimes.com/magazines/panache/plan-your-holiday-now-best-travel-destinations-around-the-world-in-pictures/articleshow/96241942.cms,"https://img.etimg.com/thumb/msid-96241976,width-1070,height-580,imgsize-57184,overlay-etpanache/photo.jpg",2022-12-15T04:31:59Z,"Thank You, MonkeysMonkeys enjoy fruit during Monkey Feast Festival in Lopburi province, Thailand in Nov, 2022. The festival is an annual tradition in Lopburi, which is held to show gratitude to the m… [+3262 chars]",58,0.6,0.95,positive
59,"{'id': 'the-times-of-india', 'name': 'The Times of India'}",AFP,"Ali Ahmed Aslam, credited for inventing chicken tikka masala, dies at 77","In 2009, Ali had said that he came up with the recipe for chicken tikka masala after a receiving a complaint from a customer.",https://economictimes.indiatimes.com/magazines/panache/ali-ahmed-aslam-credited-for-inventing-chicken-tikka-masala-dies-at-77/articleshow/96421129.cms,"https://img.etimg.com/thumb/msid-96421401,width-1070,height-580,imgsize-140124,overlay-etpanache/photo.jpg",2022-12-22T08:19:31Z,"A chef from Glasgow, who claims to have invented the curry dish chicken tikka masala, has died at the age of 77, a family member told 
AFP on Wednesday.
Ahmed Aslam Ali, who invented the dish by im… [+2605 chars]",59,-0.44999999999999996,0.575,negative
60,"{'id': 'the-times-of-india', 'name': 'The Times of India'}",ET Online,How to party safely without falling sick,"Have fun, but don't compromise on safety and well-being!",https://economictimes.indiatimes.com/magazines/panache/how-to-party-safely-without-falling-sick/articleshow/96431000.cms,"https://img.etimg.com/thumb/msid-96431496,width-1070,height-580,imgsize-45588,overlay-etpanache/photo.jpg",2022-12-22T14:33:07Z,"The news of China going through a second bout of Covid cases has sent the government of India into a panic attack. Many cases have also been reported in Japan, South Korea, France, and the United Sta… [+2908 chars]",60,0.375,0.2,negative
61,"{'id': 'the-times-of-india', 'name': 'The Times of India'}",Nimisha Tiwari,Plan your holiday now! Best travel destinations around the world in pictures,Catch up on touristy pictures from across the globe. Follow apt handy suggestions for Indian travellers to follow this season.,https://economictimes.indiatimes.com/magazines/travel/plan-your-holiday-now-best-travel-destinations-around-the-world-in-pictures/articleshow/96241942.cms,"https://img.etimg.com/thumb/msid-96241976,width-1070,height-580,imgsize-57184,overlay-etpanache/photo.jpg",2022-12-15T04:31:59Z,"Thank You, MonkeysMonkeys enjoy fruit during Monkey Feast Festival in Lopburi province, Thailand in Nov, 2022. The festival is an annual tradition in Lopburi, which is held to show gratitude to the m… [+3262 chars]",61,0.6,0.95,positive
62,"{'id': 'the-times-of-india', 'name': 'The Times of India'}",AP,Voila! 'Emily In Paris' returns with season 3 and a lot of cliffhangers,"Season three provides more career choices, designer dilemmas and romantic revelation.",https://economictimes.indiatimes.com/magazines/panache/voila-emily-in-paris-returns-with-season-3-and-a-lot-of-cliffhangers/articleshow/96442759.cms,"https://img.etimg.com/thumb/msid-96443220,width-1070,height-580,imgsize-51360,overlay-etpanache/photo.jpg",2022-12-23T04:27:41Z,"'Emily in Paris' fans will get a few surprises in their Christmas stockings, when the third season of the hit show arrives on Netflix this Wednesday.
Even the cast were shocked by the number of clif… [+2705 chars]",62,0.25,0.5,neutral
63,"{'id': 'the-times-of-india', 'name': 'The Times of India'}",AP,'Black Panther: Wakanda Forever' is on top spot at box-office for 4th straight weekend,But the biggest talking point on the weekend was a movie conspicuously absent from theaters: 'Glass Onion'.,https://economictimes.indiatimes.com/magazines/panache/black-panther-wakanda-forever-is-on-top-spot-at-box-office-for-4th-straight-weekend/articleshow/95990751.cms,"https://img.etimg.com/thumb/msid-95990810,width-1070,height-580,imgsize-31618,overlay-etpanache/photo.jpg",2022-12-05T03:19:10Z,"""Black Panther: Wakanda Forever"" kept the box-office crown for the fourth straight weekend, and the comic holiday thriller ""Violent Night"" debuted with $13.3 million, according to studio estimates Su… [+3280 chars]",63,0.0,0.0,neutral
64,"{'id': 'the-times-of-india', 'name': 'The Times of India'}",AP,"Composer Angelo Badalamenti, known for 'Twin Peaks', passes away at 85","He died of natural causes on Sunday, his family said in a statement.",https://economictimes.indiatimes.com/magazines/panache/composer-angelo-badalamenti-known-for-twin-peaks-passes-away-at-85/articleshow/96187995.cms,"https://img.etimg.com/thumb/msid-96188047,width-1070,height-580,imgsize-27680,overlay-etpanache/photo.jpg",2022-12-13T04:01:23Z,"Angelo Badalamenti, the composer best known for creating otherworldly scores for many David Lynch productions, from 'Blue Velvet' and 'Twin Peaks' to 'Mulholland Drive,' has died. He was 85.
He died… [+3558 chars]",64,0.1,0.4,neutral
65,"{'id': 'the-times-of-india', 'name': 'The Times of India'}",PTI,Don’t let your guard down this holiday season! Experts throw light on risk factors of Covid reinfection,Studies suggest that each reinfection can increase the risk of poorer health outcomes.,https://economictimes.indiatimes.com/magazines/panache/dont-let-your-guard-down-this-holiday-season-experts-throw-light-on-risk-factors-of-covid-reinfection/articleshow/96134100.cms,"https://img.etimg.com/thumb/msid-96134173,width-1070,height-580,imgsize-23548,overlay-etpanache/photo.jpg",2022-12-10T12:31:15Z,"Like Canadian Prime Minister Justin Trudeau and Mexican President Andres Obrador before him, Prime Minister Anthony Albanese has been infected with Covid for a second time. 
In the middle of this ye… [+4737 chars]",65,0.0,0.0,neutral
66,"{'id': 'the-times-of-india', 'name': 'The Times of India'}",PTI,Studies shows that each Covid reinfection increases the risk of poorer health outcomes in future,Researchers found the reinfected people had a higher risk of poor health.,https://economictimes.indiatimes.com/magazines/panache/studies-shows-that-each-covid-reinfection-increases-the-risk-of-poorer-health-outcomes-in-future/articleshow/96398021.cms,"https://img.etimg.com/thumb/msid-96398122,width-1070,height-580,imgsize-49574,overlay-etpanache/photo.jpg",2022-12-21T12:16:20Z,"Like Canadian Prime Minister Justin Trudeau and Mexican President Andres Obrador before him, Prime Minister Anthony Albanese has been infected with Covid for a second time. 
In the middle of this ye… [+4839 chars]",66,-0.07500000000000001,0.55,negative
67,"{'id': 'the-times-of-india', 'name': 'The Times of India'}",AP,Want to solve the Rubik's Cube? Here's some advice from the man who invented it,The goal of all Rubik puzzles is to start with some randomized and shuffled messy configuration.,https://economictimes.indiatimes.com/magazines/panache/want-to-solve-the-rubiks-cube-heres-some-advice-from-the-man-who-invented-it/articleshow/95926690.cms,"https://img.etimg.com/thumb/msid-95926702,width-1070,height-580,imgsize-58588,overlay-etpanache/photo.jpg",2022-12-02T02:30:34Z,"NEW YORK - If you've ever had trouble solving a Rubik's Cube, a good piece of advice is to break it down into steps. It's worth a shot: That advice is from the man who invented it.
""Problem solving … [+4233 chars]",67,-0.2,0.4,negative
68,"{'id': 'the-times-of-india', 'name': 'The Times of India'}",PTI,"If Elon Musk does step down as Twitter's CEO, here are three leadership qualities that the next boss should have",There has been some speculation that Musk has come under pressure from other Twitter shareholders and lenders to move on.,https://economictimes.indiatimes.com/magazines/panache/if-elon-musk-does-step-down-as-twitters-ceo-here-are-three-leadership-qualities-that-the-next-boss-should-have/articleshow/96452346.cms,"https://img.etimg.com/thumb/msid-96452454,width-1070,height-580,imgsize-764521,overlay-etpanache/photo.jpg",2022-12-23T11:46:30Z,"In a strong response to a recent Twitter poll posted by Elon Musk, users of the platform have called for him to relinquish his position as CEO. 
Musk hasn't confirmed he will step down since the pol… [+5069 chars]",68,-0.125,0.375,negative
69,"{'id': 'the-times-of-india', 'name': 'The Times of India'}",New York Times,"The Prince of Reuss, the failed coup to overthrow elected German government and a twist",The prince pursued his goal of restoring Germany's imperial Reich on multiple fronts.,https://economictimes.indiatimes.com/magazines/panache/the-prince-of-reuss-the-failed-coup-to-overthrow-elected-german-government-and-a-twist/articleshow/96280466.cms,"https://img.etimg.com/thumb/msid-96280826,width-1070,height-580,imgsize-50668,overlay-etpanache/photo.jpg",2022-12-16T13:31:14Z,"The crenelated hunting lodge of Prince Heinrich XIII of Reuss sits atop a steep hill, looking out over homes laced with snow and Christmas lights in Bad Lobenstein. Popular with the local mayor and m… [+10088 chars]",69,0.0,0.0,negative
70,"{'id': 'the-times-of-india', 'name': 'The Times of India'}",etimes.in,"Soha, Kunal & Inaaya celebrate Christmas",Soha Ali Khan has already tuned into the holiday spirit as she celebrated an early Christmas with her husband Kunal Kemmu and daughter Inaaya Naumi Kemmu.,https://timesofindia.indiatimes.com/entertainment/hindi/bollywood/news/soha-ali-khan-and-kunal-kemmu-celebrate-early-christmas-with-daughter-inaaya-watch-video/articleshow/95995421.cms,"https://static.toiimg.com/thumb/msid-95995421,width-1070,height-580,overlay-toi_sw,pt-32,y_pad-40,resizemode-75,imgsize-57942/95995421.jpg",2022-12-05T06:49:20Z,"Namitha Pramod sends birthday wishes to her younger sister Akitha, says, “You are my daughter, my sister, my best friend, and my world”",70,0.22499999999999998,0.525,neutral
71,"{'id': 'the-times-of-india', 'name': 'The Times of India'}",etimes.in,Biggest Christmas hits of Bollywood,"Dangal, Tiger Zinda Hai and more: The biggest Christmas hits of Bollywood in the last few years",https://timesofindia.indiatimes.com/entertainment/hindi/bollywood/news/dangal-tiger-zinda-hai-and-more-the-biggest-christmas-hits-of-bollywood-in-the-last-few-years/photostory/96398682.cms,https://static.toiimg.com/photo/96398701.cms,2022-12-22T07:30:00Z,"It is the most festive time of the year - the air is brimming with the excitement of Christmas, tied to a hope that the next year brings happiness, luck and health for all. In Bollywood, while the la… [+253 chars]",71,0.09999999999999999,0.2222222222222222,neutral
72,"{'id': 'the-times-of-india', 'name': 'The Times of India'}",etimes.in,Merry Christmas first poster is intriguing,Katrina Kaif and Vijay Sethupathi are all set to collaborate for the first time in Sriram Raghavan’s ‘Merry Christm,https://timesofindia.indiatimes.com/entertainment/hindi/bollywood/news/katrina-kaif-and-vijay-sethupathis-merry-christmas-look-intriguing-first-poster-out/articleshow/96475399.cms,"https://static.toiimg.com/thumb/msid-96475399,width-1070,height-580,overlay-toi_sw,pt-32,y_pad-40,resizemode-75,imgsize-40742/96475399.jpg",2022-12-24T08:11:44Z,"Katrina Kaif and Vijay Sethupathi are all set to collaborate for the first time in Sriram Raghavans Merry Christmas'. On Saturday, the first poster of the film was revealed, and it does look intrigui… [+915 chars]",72,0.25,0.3333333333333333,positive
73,"{'id': 'the-times-of-india', 'name': 'The Times of India'}",,10 Movies to binge-watch in Christmas,"Key in ‘Christmas movies’ in the search bars of OTT platforms and a host of movies will pop up on the page, all slated to evoke the family spirit and ring in Christmas cheer with their focus on family, food, fun and music. Here is our list to help you choose …",https://timesofindia.indiatimes.com/entertainment/english/top-10/top-10-movies-to-binge-watch-in-the-christmas-holiday-season/photostory/96090061.cms,https://static.toiimg.com/photo/96091292.cms,2022-12-10T09:30:00Z,"Key in ‘Christmas movies’ in the search bars of OTT platforms and a host of movies will pop up on the page, all slated to evoke the family spirit and ring in Christmas cheer with their focus on famil… [+501 chars]",73,0.15,0.6,neutral
74,"{'id': 'the-times-of-india', 'name': 'The Times of India'}",Ankita Kanabar,Celeb inspired red dress looks for Christmas,Janhvi Kapoor to Nora Fatehi: Celeb inspired red dress looks for this Christmas season,https://timesofindia.indiatimes.com/entertainment/hindi/web-stories/janhvi-kapoor-to-nora-fatehi-celeb-inspired-red-dress-looks-for-this-christmas-season/photostory/96376056.cms,"https://static.toiimg.com/thumb/msid-96376097,width-900,height-1200,imgsize-79246,resizemode-6.cms",2022-12-20T14:30:00Z,"Alia Bhatt looks like a bouquet of roses herself, in this lovely dress with a jacket. It's vibrant, funky, fun, and pretty - all at once. Who can't love this look?",74,0.0,0.0,neutral
75,"{'id': 'the-times-of-india', 'name': 'The Times of India'}",Ankita Kanabar,Cute throwback Christmas pics of B-town celebs,"Katrina-Vicky, Alia-Ranbir and more: Throwback Christmas pictures of celebs that are too cute to miss!",https://timesofindia.indiatimes.com/entertainment/hindi/web-stories/katrina-vicky-alia-ranbir-and-more-throwback-christmas-pictures-of-celebs-that-are-too-cute-to-miss/photostory/96459421.cms,"https://static.toiimg.com/thumb/msid-96460110,width-900,height-1200,imgsize-50566,resizemode-6.cms",2022-12-23T14:30:00Z,"Aishwarya Rai Bachchan looks just as cute as Aaradhya as they twin in red and celebrate Christmas, remembering her late father Krishnaraj Rai.",75,0.5625,0.75,positive
76,"{'id': 'the-times-of-india', 'name': 'The Times of India'}",etimes.in,"The Interest of Love, a K-drama piques interest","It’s not just the coldest days in several parts of the world but also the holiday season when schools, colleges and offices take a break for Christmas and New Year. You might find yourself with time on your hands, so here is a romantic K-drama, The Interest o…",https://timesofindia.indiatimes.com/web-series/news/english/deep-melodrama-and-an-intense-storyline-combine-to-make-the-interest-of-love-a-k-drama-that-will-prove-popular-with-netizens/articleshow/96452481.cms,"https://static.toiimg.com/thumb/msid-96452481,width-1070,height-580,imgsize-53022,resizemode-6,overlay-toi_sw,pt-32,y_pad-40/photo.jpg",2022-12-23T10:10:00Z,"It is the most festive time of the year - the air is brimming with the excitement of Christmas, tied to a hope that the next year brings happiness, luck and health for all. In Bollywood, while the la… [+253 chars]",76,0.04545454545454545,0.3181818181818182,neutral
77,"{'id': 'the-times-of-india', 'name': 'The Times of India'}",IANS,Delhi HC summons Bear Grylls in copyright infringement case,"In response to a copyright infringement lawsuit filed by an Indian writer and producer, Arrmann Shharma over the show 'Get Out Alive With Bear Grylls,' the Delhi High Court issued summons to the British adventurer among others.",https://timesofindia.indiatimes.com/web-series/news/english/delhi-hc-summons-bear-grylls-in-copyright-infringement-case/articleshow/96472048.cms,"https://static.toiimg.com/thumb/msid-96472048,width-1070,height-580,imgsize-112638,resizemode-6,overlay-toi_sw,pt-32,y_pad-40/photo.jpg",2022-12-24T05:07:03Z,"It is the most festive time of the year - the air is brimming with the excitement of Christmas, tied to a hope that the next year brings happiness, luck and health for all. In Bollywood, while the la… [+253 chars]",77,0.08666666666666667,0.3133333333333333,neutral
78,"{'id': 'the-times-of-india', 'name': 'The Times of India'}",etimes.in,Ayesha on relationship with Shoaib Malik,"Pakistani actress Ayesha Omar is constantly hitting headlines for her alleged romance with cricketer Shoaib Malik, while the latter battles divorce rumours with wife Sania Mirza. Ayesha and Shoaib’s intimate photoshoot from a few years ago went viral soon aft…",https://timesofindia.indiatimes.com/web-series/news/hindi/ayesha-omar-breaks-silence-on-romantic-relationship-with-shoaib-malik-amid-his-divorce-rumours-with-wife-sania-mirza/articleshow/96448060.cms,"https://static.toiimg.com/thumb/msid-96448048,width-1070,height-580,imgsize-59310,resizemode-6,overlay-toi_sw,pt-32,y_pad-40/photo.jpg",2022-12-23T07:29:23Z,"It is the most festive time of the year - the air is brimming with the excitement of Christmas, tied to a hope that the next year brings happiness, luck and health for all. In Bollywood, while the la… [+253 chars]",78,-0.02,0.22666666666666666,neutral
79,"{'id': 'the-times-of-india', 'name': 'The Times of India'}",etimes.in,Lily Collins clones Alia’s dress in Emily in Paris,"Emily in Paris, Season 3, premiered on OTT two days ago and Lily Collins, who acts in the series was spotted wearing the same pink printed mini dress that Alia Bhatt had worn months earlier at the opening episode of Koffee with Karan, Season 7. What has chang…",https://timesofindia.indiatimes.com/web-series/news/english/did-lily-collins-clone-alia-bhatts-dress-in-her-new-show-on-ott-emily-in-paris/articleshow/96454145.cms,"https://static.toiimg.com/thumb/msid-96454145,width-1070,height-580,imgsize-40228,resizemode-6,overlay-toi_sw,pt-32,y_pad-40/photo.jpg",2022-12-23T11:03:09Z,"It is the most festive time of the year - the air is brimming with the excitement of Christmas, tied to a hope that the next year brings happiness, luck and health for all. In Bollywood, while the la… [+253 chars]",79,-0.03333333333333333,0.30833333333333335,neutral
80,"{'id': 'the-times-of-india', 'name': 'The Times of India'}",etimes.in,Malaika Arora gets trolled by son Arhaan,"Malaika Arora's show Moving In With Malaika has been the buzz of town ever since it started streaming recently. Many fans, while binge watching the 16 episode series are extremely excited at the prospect of knowing the diva up, close and personal",https://timesofindia.indiatimes.com/web-series/news/hindi/malaika-arora-gets-trolled-by-son-arhaan-the-latter-playfully-tells-her-that-she-looks-like-a-prison-inmate/articleshow/96448580.cms,"https://static.toiimg.com/thumb/msid-96448511,width-1070,height-580,imgsize-884675,resizemode-6,overlay-toi_sw,pt-32,y_pad-40/photo.jpg",2022-12-23T07:46:39Z,"It is the most festive time of the year - the air is brimming with the excitement of Christmas, tied to a hope that the next year brings happiness, luck and health for all. In Bollywood, while the la… [+253 chars]",80,0.2916666666666667,0.5166666666666667,neutral
81,"{'id': 'the-times-of-india', 'name': 'The Times of India'}",Times Of India,Violent Night: Wirkola on Harbour's Santa,"Turning a tale as old as time into a swashbuckling modern-day rendition is child's play for director Tommy Wirkola. After turning the beloved fairytale 'Hansel & Gretel' into 'Witch Hunters', he is now set to give the puggy old Santa Claus an action hero upgr…",https://timesofindia.indiatimes.com/entertainment/english/hollywood/news/tommy-wirkola-violent-night-producers-told-me-the-movie-was-die-hard-but-with-santa-claus/articleshow/95939711.cms,"https://static.toiimg.com/thumb/msid-95939703,width-1070,height-580,overlay-toi_sw,pt-32,y_pad-40,resizemode-75,imgsize-44420/95939703.jpg",2022-12-02T11:12:11Z,"Turning a tale as old as time into a swashbuckling modern-day rendition is child's play for director Tommy Wirkola. After turning the beloved fairytale 'Hansel &amp; Gretel' into 'Witch Hunters', he … [+4968 chars]",81,0.24999999999999997,0.375,negative
82,"{'id': 'the-times-of-india', 'name': 'The Times of India'}",Reuters,Avatar 2 rings up $17 M opening at US box office,"Director James Cameron's long-awaited ""Avatar: The Way of Water"" pulled in $17 million at U.S. and Canadian box offices from its first showings on Thursday night, distributor Walt Disney Co said.",https://timesofindia.indiatimes.com/entertainment/english/hollywood/box-office/avatar-the-way-of-water-rings-up-17-million-at-us-box-office-on-opening-night/articleshow/96293284.cms,"https://static.toiimg.com/thumb/msid-96293313,width-1070,height-580,overlay-toi_sw,pt-32,y_pad-40,resizemode-75,imgsize-81996/96293313.jpg",2022-12-17T03:24:18Z,"Director James Cameron's long-awaited ""Avatar: The Way of Water"" pulled in $17 million at U.S. and Canadian box offices from its first showings on Thursday night, distributor Walt Disney Co said.
Wi… [+1583 chars]",82,0.25,0.3333333333333333,neutral
83,"{'id': 'the-times-of-india', 'name': 'The Times of India'}",TNN & Agencies,Black Panther: Wakanda Forever's dismal run,"""Black Panther: Wakanda Forever"" has led the North American box office once again, industry watcher Exhibitor Relations reported Sunday, but the film's estimated weekend take of just $11.1 million reflected a deep slump in moviegoing.",https://timesofindia.indiatimes.com/entertainment/english/hollywood/box-office/black-panther-wakanda-forever-stays-on-top-of-dismisal-box-office-for-fifth-week-takes-total-to-767-8-million-at-worldwide-box-office/articleshow/96165334.cms,"https://static.toiimg.com/thumb/msid-96165502,width-1070,height-580,overlay-toi_sw,pt-32,y_pad-40,resizemode-75,imgsize-33370/96165502.jpg",2022-12-12T06:39:23Z,"""Black Panther: Wakanda Forever"" has led the North American box office once again, industry watcher Exhibitor Relations reported Sunday, but the film's estimated weekend take of just $11.1 million re… [+2577 chars]",83,-0.05555555555555555,0.2777777777777778,negative
84,"{'id': 'the-times-of-india', 'name': 'The Times of India'}",TNN & Agencies,'Avatar 2' earns $434.5 Mn at global BO,"'​Avatar: The Way of Water ' didn't make quite as big of a splash as many assumed it would, but James Cameron's big budget spectacle still helped breathe life into the box office this weekend. The sequel earned $134 million from North American theatres and $3…",https://timesofindia.indiatimes.com/entertainment/english/hollywood/box-office/avatar-the-way-of-water-earns-434-5-million-at-global-box-office-opens-shy-of-box-office-projections/articleshow/96331201.cms,"https://static.toiimg.com/thumb/msid-96331401,width-1070,height-580,overlay-toi_sw,pt-32,y_pad-40,resizemode-75,imgsize-43108/96331401.jpg",2022-12-19T02:51:52Z,"'Avatar: The Way of Water ' didn't make quite as big of a splash as many assumed it would, but James Cameron's big budget spectacle still helped breathe life into the box office this weekend. The seq… [+4433 chars]",84,0.125,0.175,neutral
85,"{'id': 'the-times-of-india', 'name': 'The Times of India'}",AFP,"Asian markets extend US rally after inflation boost, eyes on Fed","The reading provided some much-needed Christmas cheer on trading floors and came the day before the US central bank's last policy decision of the year, which will be pored over for clues about its plans for 2023.",https://timesofindia.indiatimes.com/business/international-business/asian-markets-extend-us-rally-after-inflation-boost-eyes-on-fed/articleshow/96213343.cms,"https://static.toiimg.com/thumb/msid-96214065,width-1070,height-580,imgsize-69854,resizemode-75,overlay-toi_sw,pt-32,y_pad-40/photo.jpg",2022-12-14T02:55:45Z,,85,0.0,0.15833333333333333,neutral
86,"{'id': 'the-times-of-india', 'name': 'The Times of India'}",Saurabh Sinha,Big relief: India to allow e-visas to UK nationals again,"India is all set to resume e-visa facility for UK citizens for the first since since Covid outbreak in March 2020, just ahead of the upcoming Christmas vacations. This service was restored for almost all countries earlier this year barring a handful of nation…",https://timesofindia.indiatimes.com/business/india-business/big-relief-india-to-allow-e-visas-to-uk-nationals-again/articleshow/96009189.cms,"https://static.toiimg.com/thumb/msid-96009148,width-1070,height-580,imgsize-56512,resizemode-75,overlay-toi_sw,pt-32,y_pad-40/photo.jpg",2022-12-05T16:10:37Z,,86,0.125,0.41666666666666663,neutral
87,"{'id': 'the-times-of-india', 'name': 'The Times of India'}",ET Spotlight Special,Christmas 2022- Why do we say “Merry Christmas” not “Happy Christmas”?,Everyone has  always questioned why it's not a “Happy Christmas and a Happy New Year” when we sing “We wish you a Merry Christmas and a Happy New Year” every holiday season. Here's the main reason.,https://economictimes.indiatimes.com/news/new-updates/christmas-2022-why-do-we-say-merry-christmas-not-happy-christmas/articleshow/96366054.cms,"https://img.etimg.com/thumb/msid-96366112,width-1070,height-580,imgsize-58514,overlay-economictimes/photo.jpg",2022-12-20T08:11:30Z,"The year's end celebratory mood is focused on Christmas, which commemorates the birth of Jesus Christ on December 25. It is one of the most important religious holidays, celebrated with numerous get-… [+2066 chars]",87,0.2732323232323232,0.7070707070707071,negative
88,"{'id': 'the-times-of-india', 'name': 'The Times of India'}",ET Spotlight Special,Netflix Christmas movies 2022: 18 best Christmas films on Netflix,Here are the 18 Netflix classics you can watch as Christmas grows closer.,https://economictimes.indiatimes.com/news/international/us/netflix-christmas-movies-2022-18-best-christmas-films-on-netflix/articleshow/96349175.cms,"https://img.etimg.com/thumb/msid-96349210,width-1070,height-580,imgsize-15326,overlay-economictimes/photo.jpg",2022-12-19T14:28:20Z,"(Catch all the US News, UK News, Canada News, International Breaking News Events, and Latest News Updates on The Economic Times.)
Download The Economic Times News App to get Daily International News… [+8 chars]",88,0.0,0.0,neutral
89,"{'id': 'the-times-of-india', 'name': 'The Times of India'}",ET Online,Christmas carols from around the world that will enchant you,Christmas 2023: Christmas carol songs from around the world that are beautiful.,https://economictimes.indiatimes.com/news/web-stories/christmas-carols-from-around-the-world-that-will-enchant-you/slideshow/96444054.cms,"https://img.etimg.com/thumb/msid-96444331,width-900,height-460,resizemode-4.cms",2022-12-23T05:02:30Z,"Translated in almost every language, Silent Night, originally from Germany, is the 'Happy Birthday' song for Christmas.",89,0.85,1.0,neutral
90,"{'id': 'the-times-of-india', 'name': 'The Times of India'}",ET Online,Christmas gifts you can buy for your gadget-lover friends,Christmas gift ideas: gadgets you can buy for your loved ones this christmas,https://economictimes.indiatimes.com/news/web-stories/christmas-gifts-you-can-buy-for-your-gadget-lover-friends/slideshow/96275523.cms,"https://img.etimg.com/thumb/msid-96275859,width-900,height-460,resizemode-4.cms",2022-12-16T08:48:02Z,Image Source: boat-website,90,0.7,0.8,neutral
91,"{'id': 'the-times-of-india', 'name': 'The Times of India'}",ET Online,10 Best Christmas Films On Netflix In 2022,New Netflix Christmas movies 2022: 10 of the best Christmas films on Netflix,https://economictimes.indiatimes.com/news/international/us/10-best-christmas-films-on-netflix-in-2022/slideshow/96378474.cms,"https://img.etimg.com/thumb/msid-96378976,width-900,height-460,resizemode-4.cms",2022-12-20T16:20:41Z,"A heart warming family Christmas film for all ages that includes elves, Santa, tinsel and, most importantly, the treasured Danny DeVito in the lead role.",91,0.5681818181818181,0.37727272727272726,positive
92,"{'id': 'the-times-of-india', 'name': 'The Times of India'}",ET Online,Best Christmas cakes in India and the iconic bakeries that make them,"Best christmas cake in Delhi, buy christmas cakes in Mumbai and Kolkata from these bakeries.",https://economictimes.indiatimes.com/news/web-stories/best-christmas-cakes-in-india-and-the-iconic-bakeries-that-make-them/slideshow/96426784.cms,"https://img.etimg.com/thumb/msid-96427073,width-900,height-460,resizemode-4.cms",2022-12-22T11:24:01Z,"To truly indulge in the Christmas spirit, visit these iconic bakeries across India and try their famous cakes.",92,1.0,0.3,positive
93,"{'id': 'the-times-of-india', 'name': 'The Times of India'}",ET Spotlight Special,Christmas 2022: Top tree decoration ideas you can follow this year,Check a bunch of Christmas tree decoration ideas which you can try this Christmas.,https://economictimes.indiatimes.com/news/new-updates/christmas-2022-top-tree-decoration-ideas-you-can-follow-this-year/articleshow/96482271.cms,"https://img.etimg.com/thumb/msid-96482313,width-1070,height-580,imgsize-49098,overlay-economictimes/photo.jpg",2022-12-24T14:46:44Z,"With just one day left for Christmas, markets and houses are decorated with lights and bells. People across the world celebrate the birth of Jesus Christ with great zeal and pomp. Though there are pl… [+1774 chars]",93,0.0,0.0,neutral
94,"{'id': 'the-times-of-india', 'name': 'The Times of India'}",ET Spotlight Special,"History Of Christmas: Fascinating tale of origin of Christmas, how it evolved throughout ages",Christmas is almost approaching and it is time to learn about the history of Christmas throughout the generations.,https://economictimes.indiatimes.com/news/international/us/history-of-christmas-fascinating-tale-of-origin-of-christmas-how-it-evolved-throughout-ages/articleshow/96408073.cms,"https://img.etimg.com/thumb/msid-96408072,width-1070,height-580,imgsize-37616,overlay-economictimes/photo.jpg",2022-12-21T20:59:20Z,"Christmas Day is observed yearly on December 25 with great zeal across the globe. The day commemorates the birth of Jesus Christ, God's son. The history, importance, and commemoration of the day are … [+2711 chars]",94,0.0,0.0,neutral
95,"{'id': 'the-times-of-india', 'name': 'The Times of India'}",ET Spotlight Special,"Symbol of Christmas in Australia missing, researchers urge public to look out for festive beetles","Scientists ask the public to help sight Christmas beetles, which are symbolic of Australia’s summer and Christmas.",https://economictimes.indiatimes.com/news/international/us/symbol-of-christmas-in-australia-missing-researchers-urge-public-to-look-out-for-festive-beetles/articleshow/96432917.cms,"https://img.etimg.com/thumb/msid-96433151,width-1070,height-580,imgsize-15618,overlay-economictimes/photo.jpg",2022-12-22T16:26:17Z,"Christmas Beetles were once an indication of the Australian Summer month and Christmas. The tiny harmless bugs were found in abundance during the 1930s. While that has changed, Its hard to even catch… [+2098 chars]",95,0.0,0.06666666666666667,negative
96,"{'id': 'the-times-of-india', 'name': 'The Times of India'}",ET Spotlight Special,Christmas decorations for your office desk. Here's how,Are you looking for the best office decorations for Christmas this 2022? Here are a few ideas to decorate your office desk exclusively this Christmas. Have a look!,https://economictimes.indiatimes.com/news/new-updates/christmas-decorations-for-your-office-desk-heres-how/articleshow/96391762.cms,"https://img.etimg.com/thumb/msid-96391766,width-1070,height-580,imgsize-406168,overlay-economictimes/photo.jpg",2022-12-21T06:58:34Z,"The holiday season is here, and keep your work area Christmas-ready regardless of whether you are going to the office regularly or working digitally from home. You can use a glittery theme, or just a… [+1489 chars]",96,0.375,0.2,neutral
97,"{'id': 'the-times-of-india', 'name': 'The Times of India'}",ET Spotlight Special,Christmas 2022: Traditions and rituals to make this holiday season memorable for your family,"Without traditions and rituals, Christmas would be incomplete. By following a few customs, you can have a perfect Christmas 2022 at home.",https://economictimes.indiatimes.com/news/new-updates/christmas-2022-traditions-and-rituals-to-make-this-holiday-season-memorable-for-your-family/articleshow/96428437.cms,"https://img.etimg.com/thumb/msid-96428613,width-1070,height-580,imgsize-163558,overlay-economictimes/photo.jpg",2022-12-22T12:23:32Z,"Christmas is a wonderful time to spend with friends and family. Christmas 2022 is knocking on our door, and we are already overjoyed to celebrate with our loved ones. Christmas 2022 will be celebrate… [+1762 chars]",97,0.26666666666666666,0.39999999999999997,positive
98,"{'id': 'the-times-of-india', 'name': 'The Times of India'}",ET Online,Fun gift ideas for Christmas this year,"The festival of cheer, Christmas tree, presents and hot chocolate is finally here and people are jolly good in the Christmas spirit!",https://economictimes.indiatimes.com/news/web-stories/fun-gift-ideas-for-christmas-this-year/slideshow/96472563.cms,"https://img.etimg.com/thumb/msid-96472975,width-900,height-1200,resizemode-6.cms",2022-12-24T05:35:28Z,"Wallets and other leather goods are a very classy gift to give someone, especially for anyone in a formal setting.",98,0.375,0.8166666666666668,positive
99,"{'id': 'the-times-of-india', 'name': 'The Times of India'}",ANI,Watch: Kerala Empty markets ahead of Christmas worry vendors in Kottayam,"Christmas is the time when vendors get good sale in Kottayam. Markets and streets are filled with Christmas shoppers. But this time, the Christmas market is dull and roads are empty with no buyers. Desperate vendors from outside the state are hoping for a mir…",https://economictimes.indiatimes.com/news/india/watch-kerala-empty-markets-ahead-of-christmas-worry-vendors-in-kottayam/videoshow/96285945.cms,"https://img.etimg.com/thumb/msid-96285945,width-1070,height-580,overlay-economictimes/photo.jpg",2022-12-16T16:34:54Z,"Christmas is the time when vendors get good sale in Kottayam. Markets and streets are filled with Christmas shoppers. But this time, the Christmas market is dull and roads are empty with no buyers. D… [+426 chars]",99,0.018055555555555564,0.5916666666666667,negative
100,"{'id': 'the-times-of-india', 'name': 'The Times of India'}",ET Spotlight Special,Christmas 2022: Here are unique Christmas messages you can send your loved ones,"On this joyous occasion of Christmas, here are the messages you can send your family, friends and relatives.",https://economictimes.indiatimes.com/news/new-updates/christmas-2022-here-are-unique-christmas-messages-you-can-send-your-loved-ones/articleshow/96452435.cms,"https://img.etimg.com/thumb/msid-96452435,width-1070,height-580,imgsize-117020,overlay-economictimes/photo.jpg",2022-12-23T10:05:37Z,"Christmas is a festival of joy, gifts and celebration. It includes spending time with your loved ones, baking cakes and cookies, decorating home with lights and Christmas tree. Most of all it brings … [+1802 chars]",100,0.0,0.0,neutral
